ID|Facility_Code|Facility Name|Region Name|Province_name|City/Municipality Name|Barangay Name|Health Facility Type|Ownership Major Classification|Date Operational|Operational Status|Functionality_status|total_no_of_days_operational_in_week|opeational_days_in_month|Machine_operation_hours_daily|total_hours_operation_in_month|Total Machines|Combined Total Modules of ALL GX machines|Combined Total of Functional Modules|Combined Total of Non-Functional Modules|avg_time_to_complete_test_in_hr|Estimated_test_can_be_done_in_month|Total_test_completed|Percentage_utilization|Xpert_utilization_rate|Percentage_availability|utilization_threshold|Latitude|Longitude|average_utilization|staddev_utilization|zscore|Open_From|Open_To|Source_latitude|Source_longitude|amount|Disease_type|STrider_allocated|stRider_location_lat|stRider_location_long|stRider_address
1|DOH000000000000021|Klinika Bernardo|NATIONAL CAPITAL REGION|NCR, SECOND DISTRICT|QUEZON CITY|PINAGKAISAHAN|Rural Health Unit|Government|01-10-2018|Operational|Functional|5|20|12|240|2|8|8|0|3|640||0|0|100|0|14.72079382|121.036529|50.61693694|34.2588236|-1.477486137|09-01-2023 07:00|09-01-2023 18:00|14.5786085|120.9861|136|Covid-19|EVANGELISTA, Jomar|14.676097|121.0435686|M2CQ+74 Quezon City, Metro Manila, Philippines
2|DOH000000000000102|Payatas B Health Center|NATIONAL CAPITAL REGION|NCR, SECOND DISTRICT|QUEZON CITY|PAYATAS|Rural Health Unit|NCR, SECOND DISTRICT (Not a Province)|31-05-2019|Operational|Functional|1|4|12|48|1|4|2|2|3|32|135|96.56|33.75|50|1|14.71629|121.10131|50.61693694|34.2588236|1.341057813|09-01-2023 07:00|09-01-2023 18:00|14.5786085|120.9861|2708|HIV|EVANGELISTA, Jomar|14.676097|121.0435686|M2CQ+74 Quezon City, Metro Manila, Philippines
3|DOH000000000000178|W. Dela Paz Health Center|NATIONAL CAPITAL REGION|NCR, SECOND DISTRICT|CITY OF PASIG|DELA PAZ|Rural Health Unit|#N/A|17-12-2019|Operational|Functional|5|20|12|240|1|4|4|0|3|320|202|63.13|50.5|100|0|14.6134861|121.0959186|50.61693694|34.2588236|0.36525081|09-01-2023 07:00|09-01-2023 18:00|14.5786085|120.9861|806|Covid-19|MIRANDA, Emmanuel N.|14.57636261|121.0920004|25 B Harrison, Pasig, 1607 Metro Manila, Philippines
4|DOH000000000000502|Dr. Jose N. Rodriguez Memorial Hospital|NATIONAL CAPITAL REGION|NCR, THIRD DISTRICT|CALOOCAN CITY|BARANGAY 188|Hospital|Government|19-12-2011|Operational|Functional|5|20|12|240|2|8|7|1|3|560|221|39.46|27.63|87.5|0|14.766856|121.06442|50.61693694|34.2588236|-0.325666084|09-01-2023 07:00|09-01-2023 18:00|14.5786085|120.9861|314|TB|DELA CRUZ, Aaron Joseph C.|14.7219892|121.0344447|P28C+M64, Novaliches, Quezon City, Metro Manila, Philippines
5|DOH000000000000540|East Avenue Medical Center|NATIONAL CAPITAL REGION|NCR, SECOND DISTRICT|QUEZON CITY|CENTRAL|Hospital|Government|21-03-2014|Operational|Functional|4|16|12|192|1|4|4|0|3|256|305|96.56|76.25|100|0|14.6423301|121.0480834|50.61693694|34.2588236|1.341057813|09-01-2023 07:00|09-01-2023 18:00|14.5786085|120.9861|276|HIV|ESTOMATA, Anthony|14.6658717|121.0678729|5 Valerio Kalaw, Quezon City, Metro Manila, Philippines
6|DOH000000000000586|Jose R. Reyes Memorial Medical Center|NATIONAL CAPITAL REGION|NCR, FIRST DISTRICT|SANTA CRUZ|BARANGAY 331|Hospital|Government|14-12-2022|Operational|Functional|1|4|12|48|1|4|4|0|3|64|40|62.5|10|100|0|14.61411|120.98201|50.61693694|34.2588236|0.346861387|09-01-2023 07:00|09-01-2023 18:00|14.5786085|120.9861|447|HIV|CALISIN, Carlo A.|14.67192|120.98271|2nd Flr, 1441-1449 Tayuman St, Santa Cruz, Manila, 1014 Metro Manila, Philippines
7|DOH000000000000615|Las Piñas General Hospital and Satellite Trauma Center|NATIONAL CAPITAL REGION|NCR, FOURTH DISTRICT|CITY OF LAS PINAS|PULANG LUPA UNO|Hospital|Government|01-11-2019|Operational|Functional|7|28|12|336|2|8|8|0|3|896|61|6.81|7.63|100|0|14.4717741|120.9740679|50.61693694|34.2588236|-1.278705231|09-01-2023 07:00|09-01-2023 18:00|14.5786085|120.9861|2057|HIV|DELA CRUZ, Eleazar C.|14.4562418|120.9945891|FX5J+FFP, Las Piñas, Metro Manila, Philippines
8|DOH000000000000655|Manila Public Health Laboratory|NATIONAL CAPITAL REGION|NCR, FIRST DISTRICT|ERMITA|BARANGAY 666|Hospital|#N/A|03-01-2015|Operational|Functional|4|16|12|192|1|4|1|3|3|64|232|96.56|58|25|1|14.57700748|120.9901531|50.61693694|34.2588236|1.341057813|09-01-2023 07:00|09-01-2023 18:00|14.5786085|120.9861|1082|Covid-19|DOMINGO, Johanna Roman|14.589613|120.9749784|HXPQ+35G, Conde de Gamazo, Intramuros, Manila, Metro Manila, Philippines
9|DOH000000000000700|Pasig City General Hospital|NATIONAL CAPITAL REGION|NCR, SECOND DISTRICT|CITY OF PASIG|MAYBUNGA|Hospital|NCR, SECOND DISTRICT (Not a Province)|29-11-2014|Operational|Functional|7|28|12|336|1|4|4|0|3|448|285|63.62|71.25|100|0|14.5723135|121.0993376|50.61693694|34.2588236|0.379553694|09-01-2023 07:00|09-01-2023 18:00|14.5786085|120.9861|1884|HIV|MIRANDA, Emmanuel N.|14.57636261|121.0920004|25 B Harrison, Pasig, 1607 Metro Manila, Philippines
10|DOH000000000000715|Philippine Orthopedic Center|NATIONAL CAPITAL REGION|NCR, SECOND DISTRICT|QUEZON CITY|SANTA TERESITA|Hospital|NCR, SECOND DISTRICT (Not a Province)|28-04-2014|Operational|Functional|5|20|12|240|1|4|1|3|3|80|200|96.56|50|25|1|14.627411|121.003622|50.61693694|34.2588236|1.341057813|09-01-2023 07:00|09-01-2023 18:00|14.5786085|120.9861|3293|TB|CRUZ, Ronaldo|14.6220442|121.025661|1180 E Rodriguez Sr. Ave, New Manila, Quezon City, 1112 Metro Manila, Philippines
11|DOH000000000000727|Rizal Medical Center|NATIONAL CAPITAL REGION|NCR, SECOND DISTRICT|CITY OF PASIG|BAGONG ILOG|Hospital|NCR, SECOND DISTRICT (Not a Province)|21-03-2018|Operational|Functional|5|20|12|240|1|4|4|0|3|320|291|90.94|72.75|100|0|14.564082|121.0658777|50.61693694|34.2588236|1.177012484|09-01-2023 07:00|09-01-2023 18:00|14.5786085|120.9861|3643|HIV|MIRANDA, Emmanuel N.|14.57636261|121.0920004|25 B Harrison, Pasig, 1607 Metro Manila, Philippines
12|DOH000000000000788|Taguig Pateros District Hospital|NATIONAL CAPITAL REGION|NCR, FOURTH DISTRICT|TAGUIG CITY|WESTERN BICUTAN|Hospital|#N/A|17-06-2019|Operational|Functional|4|16|12|192|1|4|4|0|3|256|400|96.56|100|100|0|14.510543|121.034078|50.61693694|34.2588236|1.341057813|09-01-2023 07:00|09-01-2023 18:00|14.5786085|120.9861|520|HIV|AMOR, Willyfield D.|14.50645|121.0455|DBP Ave, Taguig, 1630 Metro Manila, Philippines
13|DOH000000000000802|Valenzuela Medical Center|NATIONAL CAPITAL REGION|NCR, THIRD DISTRICT|CITY OF VALENZUELA|KARUHATAN|Hospital|NCR, THIRD DISTRICT (Not a Province)|02-02-2015|Operational|Functional|5|20|12|240|1|4|3|1|3|240|450|96.56|112.5|75|1|14.689624|120.978473|50.61693694|34.2588236|1.341057813|09-01-2023 07:00|09-01-2023 18:00|14.5786085|120.9861|3709|HIV|KELLEY, Mark Lester C.|14.6852989|120.9908765|P222+W5C, Valenzuela, Metro Manila, Philippines
14|DOH000000000000812|Almanza Uno Health Center|NATIONAL CAPITAL REGION|NCR, FOURTH DISTRICT|CITY OF LAS PINAS|ALMANZA UNO|Rural Health Unit|Government|01-10-2019|Operational|Functional|2|8|12|96|1|4|2|2|3|64|141|96.56|35.25|50|1|14.4184987|121.0178381|50.61693694|34.2588236|1.341057813|09-01-2023 07:00|09-01-2023 18:00|14.5786085|120.9861|1935|TB|DELA CRUZ, Eleazar C.|14.4562418|120.9945891|FX5J+FFP, Las Piñas, Metro Manila, Philippines
15|DOH000000000000817|Atang Dela Rama Health Center|NATIONAL CAPITAL REGION|NCR, FIRST DISTRICT|TONDO I / II|BARANGAY 175|Rural Health Unit|Government|04-06-2019|Operational|Functional|5|20|12|240|1|4|4|0|3|320|115|35.94|28.75|100|0|14.629097|120.971749|50.61693694|34.2588236|-0.428413337|09-01-2023 07:00|09-01-2023 18:00|14.5786085|120.9861|64|HIV|BUGAWAN, Marcelo G. Jr.|14.62796918|120.9639863|C. Playa, Tondo, Manila, Metro Manila, Philippines
16|DOH000000000000840|Krus na Ligas Health Center|NATIONAL CAPITAL REGION|NCR, SECOND DISTRICT|QUEZON CITY|KRUS NA LIGAS|Rural Health Unit|Government|01-10-2019|Operational|Functional|5|20|12|240|1|4|4|0|3|320|159|49.69|39.75|100|0|14.644362|121.064056|50.61693694|34.2588236|-0.027056882|09-01-2023 07:00|09-01-2023 18:00|14.5786085|120.9861|2753|TB|CALAYWAN, Genesis|14.6872734|121.1056781|J3G3+CR Quezon City, Metro Manila, Philippines
17|DOH000000000000844|Dimasalang Health Center|NATIONAL CAPITAL REGION|NCR, FIRST DISTRICT|SANTA CRUZ|BARANGAY 368|Rural Health Unit|Government|09-08-2018|Operational|Functional|5|20|12|240|1|4|4|0|3|320|278|86.88|69.5|100|0|14.6227366|120.9874593|50.61693694|34.2588236|1.058502869|09-01-2023 07:00|09-01-2023 18:00|14.5786085|120.9861|3783|HIV|CALISIN, Carlo A.|14.67192|120.98271|2nd Flr, 1441-1449 Tayuman St, Santa Cruz, Manila, 1014 Metro Manila, Philippines
18|DOH000000000000847|Potrero Health Center|NATIONAL CAPITAL REGION|NCR, THIRD DISTRICT|CITY OF MALABON|POTRERO|Rural Health Unit|NCR, THIRD DISTRICT (Not a Province)|01-07-2019|Operational|Functional|5|20|12|240|1|4|3|1|3|240|164|68.33|41|75|0|14.6625828|120.98493|50.61693694|34.2588236|0.517036524|09-01-2023 07:00|09-01-2023 18:00|14.5786085|120.9861|2029|TB|LAQUINDANUM, Raul|14.67080616|120.9696261|B. Rivera St, Malabon, Metro Manila, Philippines
19|DOH000000000000850|Esperanza Health Center|NATIONAL CAPITAL REGION|NCR, FIRST DISTRICT|PANDACAN|BARANGAY 842|Rural Health Unit|Government|09-12-2019|Operational|Functional|5|20|12|240|1|4|4|0|3|320|98|30.63|24.5|100|0|14.6006291|121.012996|50.61693694|34.2588236|-0.583409903|09-01-2023 07:00|09-01-2023 18:00|14.5786085|120.9861|621|TB|MANESE, Daryl|14.6103931|120.9868841|Dapitan St, cor Santander St, Sampaloc, Manila, Philippines
20|DOH000000000000870|Navotas Medical and Wellness Center|NATIONAL CAPITAL REGION|NCR, THIRD DISTRICT|CITY OF NAVOTAS|SAN JOSE (POB.)|Rural Health Unit|#N/A|08-09-2015|Operational|Functional|5|20|12|240|2|8|6|2|3|480||0|0|75|0|14.65800119|120.9479336|50.61693694|34.2588236|-1.477486137|09-01-2023 07:00|09-01-2023 18:00|14.5786085|120.9861|2293|TB|DE JESUS, Enrique J.|14.6133321|121.0070635|14 1A Premero de Mayo St, Galas, Quezon City, 1113 Metro Manila, Philippines
21|DOH000000000000872|Arsenia J. Maximo Health Center|NATIONAL CAPITAL REGION|NCR, SECOND DISTRICT|QUEZON CITY|NOVALICHES PROPER|Rural Health Unit|Government|01-08-2017|Operational|Functional|3|12|12|144|1|4|4|0|3|192|182|94.79|45.5|100|0|14.720749|121.039522|50.61693694|34.2588236|1.289392292|09-01-2023 07:00|09-01-2023 18:00|14.5786085|120.9861|3105|TB|EVANGELISTA, Jomar|14.676097|121.0435686|M2CQ+74 Quezon City, Metro Manila, Philippines
22|DOH000000000000876|Bagong Pag-Asa Health Center|NATIONAL CAPITAL REGION|NCR, SECOND DISTRICT|QUEZON CITY|BAGONG PAG-ASA|Rural Health Unit|Government|22-10-2019|Operational|Functional|5|20|12|240|1|4|4|0|3|320|133|41.56|33.25|100|0|14.6622805|121.0341009|50.61693694|34.2588236|-0.264368008|09-01-2023 07:00|09-01-2023 18:00|14.5786085|120.9861|1061|Covid-19|ESTOMATA, Anthony|14.6658717|121.0678729|5 Valerio Kalaw, Quezon City, Metro Manila, Philippines
23|DOH000000000000885|Punturin 3S Health Center|NATIONAL CAPITAL REGION|NCR, THIRD DISTRICT|CITY OF VALENZUELA|PUNTURIN|Rural Health Unit|#N/A|04-12-2019|Operational|Functional|5|20|12|240|1|4|3|1|3|240|138|57.5|34.5|75|0|14.7410429|120.9903097|50.61693694|34.2588236|0.200913585|09-01-2023 07:00|09-01-2023 18:00|14.5786085|120.9861|951|HIV|KELLEY, Mark Lester C.|14.6852989|120.9908765|P222+W5C, Valenzuela, Metro Manila, Philippines
24|DOH000000000000897|San Nicolas Health Center|NATIONAL CAPITAL REGION|NCR, FIRST DISTRICT|SAN NICOLAS|BARANGAY 285|Rural Health Unit|NCR, CITY OF MANILA, FIRST DISTRICT (Not a Province)|14-10-2019|Operational|Functional|5|20|12|240|1|4|2|2|3|160|130|81.25|32.5|50|0|14.5985848|120.9709712|50.61693694|34.2588236|0.894165644|09-01-2023 07:00|09-01-2023 18:00|14.5786085|120.9861|1584|TB|SILVESTRE, Sajid|14.571807|121.019685|Hippodromo St, Circuit Makati, Makati, 1630 Metro Manila, Philippines
25|DOH000000000001483|West Crame Health Center|NATIONAL CAPITAL REGION|NCR, SECOND DISTRICT|CITY OF SAN JUAN|WEST CRAME|Rural Health Unit|NCR, SECOND DISTRICT (Not a Province)|01-08-2017|Operational|Functional|5|20|12|240|1|4|4|0|3|320|11|3.44|2.75|100|0|14.6047325|121.0502761|50.61693694|34.2588236|-1.377074049|09-01-2023 07:00|09-01-2023 18:00|14.5786085|120.9861|359|TB|GUINTU, Bon Louieze M.|14.6026312|121.0381049|606 General S. De Jesus, San Juan, Metro Manila, Philippines
26|DOH000000000001944|Tunasan Health Center|NATIONAL CAPITAL REGION|NCR, FOURTH DISTRICT|CITY OF MUNTINLUPA|TUNASAN|Rural Health Unit|NCR, FOURTH DISTRICT (Not a Province)|01-09-2015|Operational|Functional|2|8|12|96|1|4|4|0|3|128|123|96.09|30.75|100|0|14.376872|121.048053|50.61693694|34.2588236|1.32733872|09-01-2023 07:00|09-01-2023 18:00|14.5786085|120.9861|3396|HIV|TATLONG HARI, Mary Jane M. |14.4199739|121.0346812|1781 Filinvest Ave, Alabang, Muntinlupa, Metro Manila, Philippines
27|DOH000000000002237|Alabang Health Center|NATIONAL CAPITAL REGION|NCR, FOURTH DISTRICT|CITY OF MUNTINLUPA|ALABANG|Rural Health Unit|Government|07-11-2019|Operational|Functional|5|20|12|240|1|4|3|1|3|240|200|83.33|50|75|0|14.418945|121.044649|50.61693694|34.2588236|0.95487993|09-01-2023 07:00|09-01-2023 18:00|14.5786085|120.9861|155|HIV|TATLONG HARI, Mary Jane M. |14.4199739|121.0346812|1781 Filinvest Ave, Alabang, Muntinlupa, Metro Manila, Philippines
28|DOH000000000002263|Dr. Mariano C. Icasiano Health Center and Lying-In Clinic|NATIONAL CAPITAL REGION|NCR, FIRST DISTRICT|PACO|BARANGAY 812|Rural Health Unit|Government|09-12-2019|Operational|Functional|5|20|12|240|1|4|4|0|3|320|110|34.38|27.5|100|0|14.53723|121.0808|50.61693694|34.2588236|-0.473949051|09-01-2023 07:00|09-01-2023 18:00|14.5786085|120.9861|2963|TB|DOMINGO, Johanna Roman|14.589613|120.9749784|HXPQ+35G, Conde de Gamazo, Intramuros, Manila, Metro Manila, Philippines
29|DOH000000000002418|Sta. Lucia Super Health Center|NATIONAL CAPITAL REGION|NCR, SECOND DISTRICT|QUEZON CITY|SANTA LUCIA|Rural Health Unit|#N/A|10-07-2019|Operational|Functional|3|12|12|144|1|4|4|0|3|192|142|73.96|35.5|100|0|14.707508|121.05349|50.61693694|34.2588236|0.681373749|09-01-2023 07:00|09-01-2023 18:00|14.5786085|120.9861|2429|Covid-19|BENAVIDEZ, Michael|14.65802245|121.074828|Tandang Sora Ave, Quezon City,Metro Manila,Philippines
30|DOH000000000002472|E. Aldana Health Center|NATIONAL CAPITAL REGION|NCR, FOURTH DISTRICT|CITY OF LAS PINAS|ELIAS ALDANA|Rural Health Unit|Government|10-11-2015|Non-Operational|Functional|0|0|12|0|1|4|3|1|3|0|0|0|0|75|0|14.477546|120.979864|50.61693694|34.2588236|-1.477486137|09-01-2023 07:00|09-01-2023 18:00|14.5786085|120.9861|2476|Covid-19|DELA CRUZ, Eleazar C.|14.4562418|120.9945891|FX5J+FFP, Las Piñas, Metro Manila, Philippines
31|DOH000000000002524|Tondo Health Center|NATIONAL CAPITAL REGION|NCR, FIRST DISTRICT|TONDO I / II|BARANGAY 165|Rural Health Unit|NCR, CITY OF MANILA, FIRST DISTRICT (Not a Province)|29-05-2019|Operational|Functional|5|20|12|240|1|4|4|0|3|320|138|43.13|34.5|100|0|14.626034|120.973641|50.61693694|34.2588236|-0.218540398|09-01-2023 07:00|09-01-2023 18:00|14.5786085|120.9861|842|TB|BUGAWAN, Marcelo G. Jr.|14.62796918|120.9639863|C. Playa, Tondo, Manila, Metro Manila, Philippines
32|DOH000000000003029|Bagong Silang Phase 2 Health Center|NATIONAL CAPITAL REGION|NCR, THIRD DISTRICT|CALOOCAN CITY|BARANGAY 176|Rural Health Unit|Government|01-06-2019|Operational|Functional|3|12|12|144|2|8|8|0|3|384|314|81.77|39.25|100|0|14.774702|121.051281|50.61693694|34.2588236|0.909344215|09-01-2023 07:00|09-01-2023 18:00|14.5786085|120.9861|1827|HIV|TRINO, Efren G.|14.76847558|121.0370721|MX3C+WPG, A. Mabini St, Sangandaan, Caloocan, Metro Manila, Philippines
33|DOH000000000003062|Velasquez Health Center|NATIONAL CAPITAL REGION|NCR, FIRST DISTRICT|TONDO I / II|BARANGAY  97|Rural Health Unit|NCR, CITY OF MANILA, FIRST DISTRICT (Not a Province)|03-06-2019|Operational|Functional|5|20|12|240|2|8|7|1|3|560|151|26.96|18.88|87.5|0|14.6213916|120.9646976|50.61693694|34.2588236|-0.690535589|09-01-2023 07:00|09-01-2023 18:00|14.5786085|120.9861|2993|HIV|MANERA, Fernando S. |14.6096971|120.9677432|1012, 312 Moriones St, Tondo, Maynila, 1012 Kalakhang Maynila, Philippines
34|DOH000000000003082|Malibay Health Center|NATIONAL CAPITAL REGION|NCR, FOURTH DISTRICT|PASAY CITY|BARANGAY 174|Rural Health Unit|Government|04-05-2021|Operational|Functional|5|20|12|240|1|4|4|0|3|320|77|24.06|19.25|100|0|14.5340352|121.0093594|50.61693694|34.2588236|-0.775185314|09-01-2023 07:00|09-01-2023 18:00|14.5786085|120.9861|3551|HIV|SANTIAGO, Rosauro L.|14.53377|120.99477|40 Russel Avenue, Baclaran, Pasay, Kalakhang Maynila, Philippines
35|DOH000000000003209|Pulang Lupa 2 Health Center|NATIONAL CAPITAL REGION|NCR, FOURTH DISTRICT|CITY OF LAS PINAS|PULANG LUPA DOS|Rural Health Unit|#N/A|22-03-2021|Operational|Functional|4|16|12|192|1|4|4|0|3|256|212|82.81|53|100|0|14.7022769|121.0006233|50.61693694|34.2588236|0.939701358|09-01-2023 07:00|09-01-2023 18:00|14.5786085|120.9861|3548|Covid-19|BUBAN, Mark Jayson C.|14.4760526|121.0014279|F2G2+9HM, Schilling Ln, Franc, Parañaque, 1700 Metro Manila, Philippines
36|DOH000000000003482|Kamuning Health Center|NATIONAL CAPITAL REGION|NCR, SECOND DISTRICT|QUEZON CITY|KAMUNING|Rural Health Unit|Government|01-06-2019|Operational|Functional|5|20|12|240|1|4|2|2|3|160|8|5|2|50|0|14.625885|121.036988|50.61693694|34.2588236|-1.331538335|09-01-2023 07:00|09-01-2023 18:00|14.5786085|120.9861|233|TB|CALAYWAN, Genesis|14.6872734|121.1056781|J3G3+CR Quezon City, Metro Manila, Philippines
37|DOH000000000003483|Holy Spirit Health Center|NATIONAL CAPITAL REGION|NCR, SECOND DISTRICT|QUEZON CITY|HOLY SPIRIT|Rural Health Unit|Government|16-09-2019|Transferred to other facility|Transferred to other facility|0|0|12|0|1|4|4|0|3|0|22|0|5.5|100|0|14.68936|121.08386|50.61693694|34.2588236|-1.477486137|09-01-2023 07:00|09-01-2023 18:00|14.5786085|120.9861|630|Covid-19|BAWAG, Ernie|14.68211|121.07712|16 Don Faustino, Quezon City, Metro Manila, Philippines
38|DOH000000000003484|Commonwealth Health Center|NATIONAL CAPITAL REGION|NCR, SECOND DISTRICT|QUEZON CITY|COMMONWEALTH|Rural Health Unit|Government|04-06-2019|Operational|Functional|5|20|12|240|1|4|2|2|3|160|210|96.56|52.5|50|0|14.6968976|121.0882077|50.61693694|34.2588236|1.341057813|09-01-2023 07:00|09-01-2023 18:00|14.5786085|120.9861|2523|TB|BAWAG, Ernie|14.68211|121.07712|16 Don Faustino, Quezon City, Metro Manila, Philippines
39|DOH000000000003872|Amang Rodriguez Memorial Medical Center|NATIONAL CAPITAL REGION|NCR, SECOND DISTRICT|CITY OF MARIKINA|SANTO NIÑO|Hospital|Government|01-08-2017|Operational|Functional|5|20|12|240|2|20|19|1|3|1520|377|24.8|18.85|95|0|14.6357903|121.0984453|50.61693694|34.2588236|-0.75358504|09-01-2023 07:00|09-01-2023 18:00|14.5786085|120.9861|96|HIV|AMADO, Gerardo L.|14.63534|121.09998|Sumulong Hwy, Marikina, 1800 Metro Manila, Philippines
40|DOH000000000003897|Tejeros Health Center|NATIONAL CAPITAL REGION|NCR, FOURTH DISTRICT|CITY OF MAKATI|TEJEROS|Rural Health Unit|NCR, FOURTH DISTRICT (Not a Province)|14-01-2022|Transferred to other facility|Transferred to other facility|0|0|12|0|1|0|0|0|3|0|0|0|#DIV/0!|0|0|14.574712|121.014617|50.61693694|34.2588236|-1.477486137|09-01-2023 07:00|09-01-2023 18:00|14.5786085|120.9861|2909|TB|ULANDAY, Kim John E.|14.545052|121.0450677|3117 McKinley Rd, Makati, 1220 Metro Manila, Philippines
41|DOH000000000004173|Sumilang Super Health Center|NATIONAL CAPITAL REGION|NCR, SECOND DISTRICT|CITY OF PASIG|SANTA ROSA|Rural Health Unit|NCR, SECOND DISTRICT (Not a Province)|04-08-2017|Operational|Functional|5|20|12|240|1|4|4|0|3|320|75|23.44|18.75|100|0|14.558834|121.073324|50.61693694|34.2588236|-0.793282842|09-01-2023 07:00|09-01-2023 18:00|14.5786085|120.9861|3550|TB|MIRANDA, Emmanuel N.|14.57636261|121.0920004|25 B Harrison, Pasig, 1607 Metro Manila, Philippines
42|DOH000000000004639|V. Luna General Hospital|NATIONAL CAPITAL REGION|NCR, SECOND DISTRICT|QUEZON CITY|PINYAHAN|Hospital|#N/A|11-03-2014|Operational|Functional|4|16|12|192|1|4|4|0|3|256|0|0|0|100|0|14.6357147|121.0526552|50.61693694|34.2588236|-1.477486137|09-01-2023 07:00|09-01-2023 18:00|14.5786085|120.9861|1201|Covid-19|BENAVIDEZ, Michael|14.65802245|121.074828|Tandang Sora Ave, Quezon City,Metro Manila,Philippines
43|DOH000000000004661|West Rembo Health Center|NATIONAL CAPITAL REGION|NCR, FOURTH DISTRICT|CITY OF MAKATI|WEST REMBO|Rural Health Unit|NCR, FOURTH DISTRICT (Not a Province)|02-01-2020|Operational|Functional|5|20|12|240|2|8|8|0|3|640|56|8.75|7|100|0|14.562906|121.059984|50.61693694|34.2588236|-1.222077484|09-01-2023 07:00|09-01-2023 18:00|14.5786085|120.9861|1225|TB|ULANDAY, Kim John E.|14.545052|121.0450677|3117 McKinley Rd, Makati, 1220 Metro Manila, Philippines
44|DOH000000000004708|Gat Andres Bonifacio Medical Center|NATIONAL CAPITAL REGION|NCR, FIRST DISTRICT|TONDO I / II|BARANGAY  12|Hospital|Government|03-04-2015|Operational|Functional|5|20|12|240|1|4|4|0|3|320|94|29.38|23.5|100|0|14.600982|120.9649024|50.61693694|34.2588236|-0.619896853|09-01-2023 07:00|09-01-2023 18:00|14.5786085|120.9861|1080|HIV|MANERA, Fernando S. |14.6096971|120.9677432|1012, 312 Moriones St, Tondo, Maynila, 1012 Kalakhang Maynila, Philippines
45|DOH000000000004710|San Dionisio Health Center|NATIONAL CAPITAL REGION|NCR, FOURTH DISTRICT|CITY OF PARA?AQUE|SAN DIONISIO|Rural Health Unit|NCR, FOURTH DISTRICT (Not a Province)|22-05-2019|Operational|Functional|4|16|12|192|1|4|4|0|3|256|161|62.89|40.25|100|0|14.4948166|120.9895504|50.61693694|34.2588236|0.358245315|09-01-2023 07:00|09-01-2023 18:00|14.5786085|120.9861|1202|HIV|BUBAN, Mark Jayson C.|14.4760526|121.0014279|F2G2+9HM, Schilling Ln, Franc, Parañaque, 1700 Metro Manila, Philippines
46|DOH000000000004735|Moonwalk Health Center|NATIONAL CAPITAL REGION|NCR, FOURTH DISTRICT|CITY OF PARA?AQUE|MOONWALK|Rural Health Unit|NCR, FOURTH DISTRICT (Not a Province)|01-11-2014|Operational|Functional|3|12|12|144|1|4|4|0|3|192|72|37.5|18|100|0|14.4915749|121.0142935|50.61693694|34.2588236|-0.382877623|09-01-2023 07:00|09-01-2023 18:00|14.5786085|120.9861|2922|HIV|BUBAN, Mark Jayson C.|14.4760526|121.0014279|F2G2+9HM, Schilling Ln, Franc, Parañaque, 1700 Metro Manila, Philippines
47|DOH000000000004799|San Lazaro Hospital|NATIONAL CAPITAL REGION|NCR, FIRST DISTRICT|SANTA CRUZ|BARANGAY 331|Hospital|NCR, CITY OF MANILA, FIRST DISTRICT (Not a Province)|01-10-2011|Operational|Functional|5|20|12|240|2|8|8|0|3|640|238|37.19|29.75|100|0|14.61338|120.98095|50.61693694|34.2588236|-0.391926386|09-01-2023 07:00|09-01-2023 18:00|14.5786085|120.9861|567|HIV|CALISIN, Carlo A.|14.67192|120.98271|2nd Flr, 1441-1449 Tayuman St, Santa Cruz, Manila, 1014 Metro Manila, Philippines
48|DOH000000000004806|A.H. Lacson Health Center|NATIONAL CAPITAL REGION|NCR, FIRST DISTRICT|SANTA ANA|BARANGAY 884|Rural Health Unit|Government|18-11-2014|Operational|Functional|5|20|12|240|2|20|15|5|3|1200|133|11.08|6.65|75|0|14.5806801|121.0136713|50.61693694|34.2588236|-1.154065808|09-01-2023 07:00|09-01-2023 18:00|14.5786085|120.9861|1029|TB|CRUZ, Ryan B.|14.573827|120.9824748|H2H2+FG3, Pedro Gil St, Paco, Manila, Metro Manila, Philippines
49|DOH000000000004976|Amparo Health Center|NATIONAL CAPITAL REGION|NCR, THIRD DISTRICT|CALOOCAN CITY|BARANGAY 179|Rural Health Unit|Government|11-11-2021|Operational|Functional|3|12|12|144|1|4|4|0|3|192|99|51.56|24.75|100|0|14.746767|121.079117|50.61693694|34.2588236|0.027527596|09-01-2023 07:00|09-01-2023 18:00|14.5786085|120.9861|505|TB|BAUTISTA, Danilo Jr , C.|14.77854|121.03601|176, Caloocan, Metro Manila, Philippines
50|DOH000000000005032|UP Philippine General Hospital|NATIONAL CAPITAL REGION|NCR, FIRST DISTRICT|ERMITA|BARANGAY  670|Hospital|#N/A|04-03-2021|Operational|Functional|2|8|12|96|1|4|4|0|3|128||0|0|100|0|14.5787087|120.9860011|50.61693694|34.2588236|-1.477486137|09-01-2023 07:00|09-01-2023 18:00|14.5786085|120.9861|2037|Covid-19|DOMINGO, Johanna Roman|14.589613|120.9749784|HXPQ+35G, Conde de Gamazo, Intramuros, Manila, Metro Manila, Philippines
51|DOH000000000005074|Batasan Hills Super Health Center|NATIONAL CAPITAL REGION|NCR, SECOND DISTRICT|QUEZON CITY|BATASAN HILLS|Rural Health Unit|Government|13-01-2016|Operational|Functional|4|16|12|192|1|4|3|1|3|192|236|96.56|59|75|0|14.686306|121.088347|50.61693694|34.2588236|1.341057813|09-01-2023 07:00|09-01-2023 18:00|14.5786085|120.9861|2734|TB|ESTOMATA, Anthony|14.6658717|121.0678729|5 Valerio Kalaw, Quezon City, Metro Manila, Philippines
52|DOH000000000005087|Bagong Barrio Zone 1 Health Center|NATIONAL CAPITAL REGION|NCR, THIRD DISTRICT|CALOOCAN CITY|BARANGAY 143|Rural Health Unit|Government|01-06-2019|Operational|Functional|5|20|12|240|1|4|4|0|3|320|96|30|24|100|0|14.662467|120.993858|50.61693694|34.2588236|-0.601799326|09-01-2023 07:00|09-01-2023 18:00|14.5786085|120.9861|1047|TB|DELA CRUZ, Aaron Joseph C.|14.7219892|121.0344447|P28C+M64, Novaliches, Quezon City, Metro Manila, Philippines
53|DOH000000000005088|Bagong Baranggay Health Center|NATIONAL CAPITAL REGION|NCR, FIRST DISTRICT|PANDACAN|BARANGAY 842|Rural Health Unit|Government||Operational|Functional|5|20|12|240|1|4|3|1|3|240|52|21.67|13|75|0|14.585713|121.001145|50.61693694|34.2588236|-0.844948364|09-01-2023 07:00|09-01-2023 18:00|14.5786085|120.9861|402|Covid-19|MANESE, Daryl|14.6103931|120.9868841|Dapitan St, cor Santander St, Sampaloc, Manila, Philippines
54|DOH000000000005090|Putatan Health Center|NATIONAL CAPITAL REGION|NCR, FOURTH DISTRICT|CITY OF MUNTINLUPA|PUTATAN|Rural Health Unit|#N/A|25-01-2021|Operational|Functional|5|20|12|240|1|4|4|0|3|320||0|0|100|0|14.3950221|121.0498869|50.61693694|34.2588236|-1.477486137|09-01-2023 07:00|09-01-2023 18:00|14.5786085|120.9861|2707|TB|TATLONG HARI, Mary Jane M. |14.4199739|121.0346812|1781 Filinvest Ave, Alabang, Muntinlupa, Metro Manila, Philippines
55|DOH000000000005172|Calaanan Rural Health Unit|NATIONAL CAPITAL REGION|NCR, THIRD DISTRICT|CALOOCAN CITY|BARANGAY  57|Rural Health Unit|Government|10-07-2019|Operational|Functional|1|4|12|48|1|4|4|0|3|64|79|96.56|19.75|100|0|14.647703|120.978525|50.61693694|34.2588236|1.341057813|09-01-2023 07:00|09-01-2023 18:00|14.5786085|120.9861|2592|Covid-19|TRINO, Efren G.|14.76847558|121.0370721|MX3C+WPG, A. Mabini St, Sangandaan, Caloocan, Metro Manila, Philippines
56|DOH000000000005173|Tondo Foreshore Health Center|NATIONAL CAPITAL REGION|NCR, FIRST DISTRICT|TONDO I / II|BARANGAY 118|Rural Health Unit|NCR, CITY OF MANILA, FIRST DISTRICT (Not a Province)|15-04-2015|Operational|Functional|5|20|12|240|1|4|4|0|3|320|455|96.56|113.75|100|0|14.6144124|120.9606653|50.61693694|34.2588236|1.341057813|09-01-2023 07:00|09-01-2023 18:00|14.5786085|120.9861|494|HIV|MANERA, Fernando S. |14.6096971|120.9677432|1012, 312 Moriones St, Tondo, Maynila, 1012 Kalakhang Maynila, Philippines
57|DOH000000000005193|Nagpayong Health Center|NATIONAL CAPITAL REGION|NCR, SECOND DISTRICT|CITY OF PASIG|PINAGBUHATAN|Rural Health Unit|#N/A|02-12-2019|Operational|Functional|5|20|12|240|1|4|3|1|3|240|84|35|21|75|0|14.5450268|121.1024572|50.61693694|34.2588236|-0.455851524|09-01-2023 07:00|09-01-2023 18:00|14.5786085|120.9861|1672|TB|MIRANDA, Emmanuel N.|14.57636261|121.0920004|25 B Harrison, Pasig, 1607 Metro Manila, Philippines
58|DOH000000000005247|Tatalon Health Center|NATIONAL CAPITAL REGION|NCR, SECOND DISTRICT|QUEZON CITY|TATALON|Rural Health Unit|NCR, SECOND DISTRICT (Not a Province)|02-06-2021|Operational|Functional|3|12|12|144|1|4|1|3|3|48|58|96.56|14.5|25|0|14.62113|121.013408|50.61693694|34.2588236|1.341057813|09-01-2023 07:00|09-01-2023 18:00|14.5786085|120.9861|3436|HIV|CRUZ, Ronaldo|14.6220442|121.025661|1180 E Rodriguez Sr. Ave, New Manila, Quezon City, 1112 Metro Manila, Philippines
59|DOH000000000005248|Masambong Health Center|NATIONAL CAPITAL REGION|NCR, SECOND DISTRICT|QUEZON CITY|MASAMBONG|Rural Health Unit|NCR, SECOND DISTRICT (Not a Province)|14-08-2017|Operational|Functional|5|20|12|240|1|4|4|0|3|320|179|55.94|44.75|100|0|14.6406473|121.0114956|50.61693694|34.2588236|0.155377871|09-01-2023 07:00|09-01-2023 18:00|14.5786085|120.9861|1561|TB|EVANGELISTA, Jomar|14.676097|121.0435686|M2CQ+74 Quezon City, Metro Manila, Philippines
60|DOH000000000005279|Rosario Reyes Health Center|NATIONAL CAPITAL REGION|NCR, FIRST DISTRICT|MALATE|BARANGAY 702|Rural Health Unit|NCR, CITY OF MANILA, FIRST DISTRICT (Not a Province)|09-12-2019|Operational|Functional|5|20|12|240|1|4|1|3|3|80|181|96.56|45.25|25|1|14.5694871|120.9878414|50.61693694|34.2588236|1.341057813|09-01-2023 07:00|09-01-2023 18:00|14.5786085|120.9861|3167|TB|DOMINGO, Johanna Roman|14.589613|120.9749784|HXPQ+35G, Conde de Gamazo, Intramuros, Manila, Metro Manila, Philippines
61|DOH000000000005342|Pedro Gil Health Center|NATIONAL CAPITAL REGION|NCR, FIRST DISTRICT|SANTA ANA|BARANGAY 803|Rural Health Unit|NCR, CITY OF MANILA, FIRST DISTRICT (Not a Province)|31-08-2021|Operational|Functional|2|8|12|96|1|4|3|1|3|96|102|96.56|25.5|75|0|14.5712846|121.0009084|50.61693694|34.2588236|1.341057813|09-01-2023 07:00|09-01-2023 18:00|14.5786085|120.9861|1168|HIV|CRUZ, Ryan B.|14.573827|120.9824748|H2H2+FG3, Pedro Gil St, Paco, Manila, Metro Manila, Philippines
62|DOH000000000005582|San Isidro Health Center|NATIONAL CAPITAL REGION|NCR, FOURTH DISTRICT|CITY OF MAKATI|SAN ISIDRO|Rural Health Unit|NCR, FOURTH DISTRICT (Not a Province)|01-04-2021|Operational|Functional|5|20|12|240|1|4|4|0|3|320|172|53.75|43|100|0|14.55151|121.00442|50.61693694|34.2588236|0.091452733|09-01-2023 07:00|09-01-2023 18:00|14.5786085|120.9861|3477|HIV|ULANDAY, Kim John E.|14.545052|121.0450677|3117 McKinley Rd, Makati, 1220 Metro Manila, Philippines
63|DOH000000000005625|E. Rodriguez Health Center|NATIONAL CAPITAL REGION|NCR, SECOND DISTRICT|QUEZON CITY|QUIRINO  2-B|Rural Health Unit|Government|01-11-2019|Operational|Functional|2|8|12|96|1|4|4|0|3|128|170|96.56|42.5|100|0|14.632263|121.063352|50.61693694|34.2588236|1.341057813|09-01-2023 07:00|09-01-2023 18:00|14.5786085|120.9861|1199|TB|BENAVIDEZ, Michael|14.65802245|121.074828|Tandang Sora Ave, Quezon City,Metro Manila,Philippines
64|DOH000000000006028|Lung Center of the Philippines|NATIONAL CAPITAL REGION|NCR, SECOND DISTRICT|QUEZON CITY|CENTRAL|Hospital|Government|01-05-2011|Operational|Functional|5|20|12|240|3|24|24|0|3|1920|96|5|4|100|0|14.6478365|121.0456111|50.61693694|34.2588236|-1.331538335|09-01-2023 07:00|09-01-2023 18:00|14.5786085|120.9861|156|HIV|ESTOMATA, Anthony|14.6658717|121.0678729|5 Valerio Kalaw, Quezon City, Metro Manila, Philippines
65|DOH000000000006046|National Children's Hospital|NATIONAL CAPITAL REGION|NCR, SECOND DISTRICT|QUEZON CITY|DAMAYANG LAGI|Hospital|NCR, SECOND DISTRICT (Not a Province)|15-11-2013|Operational|Functional|7|28|12|336|1|4|4|0|3|448|274|61.16|68.5|100|0|14.6204213|121.0210078|50.61693694|34.2588236|0.307747376|09-01-2023 07:00|09-01-2023 18:00|14.5786085|120.9861|3733|HIV|BAWAG, Ernie|14.68211|121.07712|16 Don Faustino, Quezon City, Metro Manila, Philippines
66|DOH000000000006101|Bagong Silang Phase 1 Health Center|NATIONAL CAPITAL REGION|NCR, THIRD DISTRICT|CALOOCAN CITY|BARANGAY 176|Rural Health Unit|Government|04-01-2023|Operational|Functional|5|20|12|240|1|4|4|0|3|320|219|68.44|54.75|100|0|14.775043|121.045491|50.61693694|34.2588236|0.520247375|09-01-2023 07:00|09-01-2023 18:00|14.5786085|120.9861|1995|Covid-19|BAUTISTA, Danilo Jr , C.|14.77854|121.03601|176, Caloocan, Metro Manila, Philippines
67|DOH000000000006113|Belmonte Health Center (temporarily in Calabash HC)|NATIONAL CAPITAL REGION|NCR, FIRST DISTRICT|SAMPALOC|BARANGAY 478|Rural Health Unit|Government|08-05-2017|Operational|Functional|5|20|12|240|2|8|8|0|3|640|231|36.09|28.88|100|0|14.611805|120.992925|50.61693694|34.2588236|-0.424034903|09-01-2023 07:00|09-01-2023 18:00|14.5786085|120.9861|802|Covid-19|SILVESTRE, Sajid|14.571807|121.019685|Hippodromo St, Circuit Makati, Makati, 1630 Metro Manila, Philippines
68|DOH000000000006596|Tondo Medical Center|NATIONAL CAPITAL REGION|NCR, FIRST DISTRICT|TONDO I / II|BARANGAY 126|Hospital|NCR, CITY OF MANILA, FIRST DISTRICT (Not a Province)|27-05-2019|Operational|Functional|5|20|12|240|3|24|17|7|3|1360|240|17.65|10|70.83333333|0|14.63492|120.96318|50.61693694|34.2588236|-0.962290396|09-01-2023 07:00|09-01-2023 18:00|14.5786085|120.9861|1378|HIV|BUGAWAN, Marcelo G. Jr.|14.62796918|120.9639863|C. Playa, Tondo, Manila, Metro Manila, Philippines
69|DOH000000000006986|East Rembo Health Center|NATIONAL CAPITAL REGION|NCR, FOURTH DISTRICT|CITY OF MAKATI|EAST REMBO|Rural Health Unit|Government|03-04-2017|Operational|Functional|5|20|12|240|1|4|4|0|3|320|201|62.81|50.25|100|0|14.551624|121.062332|50.61693694|34.2588236|0.355910151|09-01-2023 07:00|09-01-2023 18:00|14.5786085|120.9861|1837|TB|MACAPAGAL, Joseph A.|14.545052|121.0450677|3117 McKinley Rd, Makati, 1220 Metro Manila, Philippines
70|DOH000000000007064|San Lorenzo Ruiz General Hospital|NATIONAL CAPITAL REGION|NCR, THIRD DISTRICT|CITY OF MALABON|SANTOLAN|Hospital|NCR, THIRD DISTRICT (Not a Province)|05-01-2015|Operational|Functional|5|20|12|240|1|4|4|0|3|320|100|31.25|25|100|0|14.6943062|120.9562873|50.61693694|34.2588236|-0.565312375|09-01-2023 07:00|09-01-2023 18:00|14.5786085|120.9861|1495|HIV|LAQUINDANUM, Raul|14.67080616|120.9696261|B. Rivera St, Malabon, Metro Manila, Philippines
71|DOH000000000007165|Banlat Health Center|NATIONAL CAPITAL REGION|NCR, SECOND DISTRICT|QUEZON CITY|TANDANG SORA|Rural Health Unit|Government|06-04-2018|Operational|Functional|5|20|12|240|1|4|4|0|3|320|152|47.5|38|100|0|14.6795153|121.0337896|50.61693694|34.2588236|-0.090982019|09-01-2023 07:00|09-01-2023 18:00|14.5786085|120.9861|2957|TB|CRUZ, Ronaldo|14.6220442|121.025661|1180 E Rodriguez Sr. Ave, New Manila, Quezon City, 1112 Metro Manila, Philippines
72|DOH000000000007256|Fairview Clinical Laboratory|NATIONAL CAPITAL REGION|NCR, SECOND DISTRICT|QUEZON CITY|FAIRVIEW|Rural Health Unit|Government|22-10-2021|Operational|Functional|3|12|12|144|1|4|4|0|3|192|156|81.25|39|100|0|14.68854|121.025973|50.61693694|34.2588236|0.894165644|09-01-2023 07:00|09-01-2023 18:00|14.5786085|120.9861|559|HIV|BAWAG, Ernie|14.68211|121.07712|16 Don Faustino, Quezon City, Metro Manila, Philippines
73|DOH000000000007257|Santolan Health Center|NATIONAL CAPITAL REGION|NCR, THIRD DISTRICT|CITY OF MALABON|SANTOLAN|Rural Health Unit|NCR, THIRD DISTRICT (Not a Province)|26-05-2021|Operational|Functional|5|20|12|240|1|4|4|0|3|320|256|80|64|100|0|14.6858874|120.9592547|50.61693694|34.2588236|0.857678694|09-01-2023 07:00|09-01-2023 18:00|14.5786085|120.9861|277|TB|DE JESUS, Enrique J.|14.6133321|121.0070635|14 1A Premero de Mayo St, Galas, Quezon City, 1113 Metro Manila, Philippines
74|DOH000000000007282|Catmon Health Center|NATIONAL CAPITAL REGION|NCR, THIRD DISTRICT|CITY OF MALABON|CATMON|Rural Health Unit|Government|01-07-2019|Operational|Functional|4|16|12|192|2|8|4|4|3|256|219|85.55|27.38|50|0|14.670477|120.9601916|50.61693694|34.2588236|1.019680754|09-01-2023 07:00|09-01-2023 18:00|14.5786085|120.9861|3160|Covid-19|LAQUINDANUM, Raul|14.67080616|120.9696261|B. Rivera St, Malabon, Metro Manila, Philippines
75|DOH000000000007339|Batis Social Hygiene Clinic|NATIONAL CAPITAL REGION|NCR, SECOND DISTRICT|CITY OF SAN JUAN|BATIS|Rural Health Unit|Government|20-01-2020|Operational|Functional|5|20|12|240|1|4|4|0|3|320|152|47.5|38|100|0|14.5984358|121.0247737|50.61693694|34.2588236|-0.090982019|09-01-2023 07:00|09-01-2023 18:00|14.5786085|120.9861|653|Covid-19|GUINTU, Bon Louieze M.|14.6026312|121.0381049|606 General S. De Jesus, San Juan, Metro Manila, Philippines
76|DOH000000000007359|National Center for Mental Health|NATIONAL CAPITAL REGION|NCR, SECOND DISTRICT|CITY OF MANDALUYONG|MAUWAY|Hospital|NCR, SECOND DISTRICT (Not a Province)|17-04-2017|Operational|Functional|3|12|12|144|1|4|4|0|3|192|168|87.5|42|100|0|14.581553|121.043954|50.61693694|34.2588236|1.076600396|09-01-2023 07:00|09-01-2023 18:00|14.5786085|120.9861|1580|HIV|ROBERTO, Reynaldo C.|14.5847424|121.0281873|blk.6 brgy, Mandaluyong, Metro Manila, Philippines
77|DOH000000000007520|Quirino Memorial Medical Center|NATIONAL CAPITAL REGION|NCR, SECOND DISTRICT|QUEZON CITY|MARILAG|Hospital|NCR, SECOND DISTRICT (Not a Province)|08-11-2017|Operational|Functional|5|20|12|240|1|4|4|0|3|320|309|96.56|77.25|100|0|14.622121|121.072133|50.61693694|34.2588236|1.341057813|09-01-2023 07:00|09-01-2023 18:00|14.5786085|120.9861|3131|HIV|CALAYWAN, Genesis|14.6872734|121.1056781|J3G3+CR Quezon City, Metro Manila, Philippines
78|DOH000000000007530|Bagumbong Health Center|NATIONAL CAPITAL REGION|NCR, THIRD DISTRICT|CALOOCAN CITY|BARANGAY 171|Rural Health Unit|Government|01-06-2019|Operational|Functional|5|20|12|240|1|4|4|0|3|320|226|70.63|56.5|100|0|14.748437|121.023347|50.61693694|34.2588236|0.584172513|09-01-2023 07:00|09-01-2023 18:00|14.5786085|120.9861|3482|Covid-19|DELA CRUZ, Aaron Joseph C.|14.7219892|121.0344447|P28C+M64, Novaliches, Quezon City, Metro Manila, Philippines
79|DOH000000000007535|Maysan 3S Health Center|NATIONAL CAPITAL REGION|NCR, THIRD DISTRICT|CITY OF VALENZUELA|MAYSAN|Rural Health Unit|#N/A|07-08-2017|Operational|Functional|5|20|12|240|2|8|4|4|3|320|307|95.94|38.38|50|0|14.698372|120.979926|50.61693694|34.2588236|1.322960286|09-01-2023 07:00|09-01-2023 18:00|14.5786085|120.9861|2735|Covid-19|KELLEY, Mark Lester C.|14.6852989|120.9908765|P222+W5C, Valenzuela, Metro Manila, Philippines
80|DOH000000000008510|Bangkal Health Center|NATIONAL CAPITAL REGION|NCR, FOURTH DISTRICT|CITY OF MAKATI|BANGKAL|Rural Health Unit|Government|01-02-2020|Operational|Functional|5|20|12|240|1|4|4|0|3|320|130|40.63|32.5|100|0|14.542502|121.014286|50.61693694|34.2588236|-0.291514299|09-01-2023 07:00|09-01-2023 18:00|14.5786085|120.9861|138|TB|MACAPAGAL, Joseph A.|14.545052|121.0450677|3117 McKinley Rd, Makati, 1220 Metro Manila, Philippines
81|DOH000000000008968|Camarin 174 Lying-In Health Center|NATIONAL CAPITAL REGION|NCR, THIRD DISTRICT|CALOOCAN CITY|BARANGAY 174|Rural Health Unit|Government|24-08-2019|Operational|Functional|5|20|12|240|1|4|4|0|3|320|188|58.75|47|100|0|14.76253|121.047605|50.61693694|34.2588236|0.237400535|09-01-2023 07:00|09-01-2023 18:00|14.5786085|120.9861|3873|Covid-19|DELA CRUZ, Aaron Joseph C.|14.7219892|121.0344447|P28C+M64, Novaliches, Quezon City, Metro Manila, Philippines
82|DOH000000000009489|Dr. Elvira Manaloto-Lagrosa Health Center|NATIONAL CAPITAL REGION|NCR, FOURTH DISTRICT|PASAY CITY|BARANGAY  76|Rural Health Unit|Government|20-11-2014|Operational|Functional|5|20|12|240|2|8|6|2|3|480|259|53.96|32.38|75|0|14.5452662|120.9934909|50.61693694|34.2588236|0.097582541|09-01-2023 07:00|09-01-2023 18:00|14.5786085|120.9861|173|Covid-19|SANTIAGO, Rosauro L.|14.53377|120.99477|40 Russel Avenue, Baclaran, Pasay, Kalakhang Maynila, Philippines
83|DOH000000000011699|Julian Felipe Health Center|NATIONAL CAPITAL REGION|NCR, THIRD DISTRICT|CALOOCAN CITY|BARANGAY   8|Rural Health Unit|Government|16-11-2021|Operational|Functional|3|12|12|144|1|4|4|0|3|192|149|77.6|37.25|100|0|14.655763|120.969298|50.61693694|34.2588236|0.787623749|09-01-2023 07:00|09-01-2023 18:00|14.5786085|120.9861|3714|TB|TRINO, Efren G.|14.76847558|121.0370721|MX3C+WPG, A. Mabini St, Sangandaan, Caloocan, Metro Manila, Philippines
84|DOH000000000011889|Old Lower Bicutan Health Center|NATIONAL CAPITAL REGION|NCR, FOURTH DISTRICT|TAGUIG CITY|LOWER BICUTAN|Rural Health Unit|NCR, FOURTH DISTRICT (Not a Province)|25-11-2021|Operational|Functional|5|20|12|240|1|4|4|0|3|320|331|96.56|82.75|100|0|14.489457|121.061056|50.61693694|34.2588236|1.341057813|09-01-2023 07:00|09-01-2023 18:00|14.5786085|120.9861|579|TB|AMOR, Willyfield D.|14.50645|121.0455|DBP Ave, Taguig, 1630 Metro Manila, Philippines
85|DOH000000000012254|Marulas 3S Health Center|NATIONAL CAPITAL REGION|NCR, THIRD DISTRICT|CITY OF VALENZUELA|MARULAS|Barangay Health Station|NCR, THIRD DISTRICT (Not a Province)|06-12-2019|Operational|Functional|5|20|12|240|1|4|4|0|3|320|207|64.69|51.75|100|0|14.6740261|120.9828161|50.61693694|34.2588236|0.410786524|09-01-2023 07:00|09-01-2023 18:00|14.5786085|120.9861|2205|TB|KELLEY, Mark Lester C.|14.6852989|120.9908765|P222+W5C, Valenzuela, Metro Manila, Philippines
86|DOH000000000012454|North Daang Hari Super Health Center|NATIONAL CAPITAL REGION|NCR, FOURTH DISTRICT|TAGUIG CITY|NORTH DAANG HARI|Rural Health Unit|#N/A|15-11-2015|Operational|Functional|5|20|12|240|1|4|3|1|3|240|375|96.56|93.75|75|0|14.486858|121.04694|50.61693694|34.2588236|1.341057813|09-01-2023 07:00|09-01-2023 18:00|14.5786085|120.9861|253|TB|AMOR, Willyfield D.|14.50645|121.0455|DBP Ave, Taguig, 1630 Metro Manila, Philippines
87|DOH000000000012551|Pamplona I Health Center|NATIONAL CAPITAL REGION|NCR, FOURTH DISTRICT|CITY OF LAS PINAS|PAMPLONA UNO|Rural Health Unit|NCR, FOURTH DISTRICT (Not a Province)|25-03-2021|Operational|Functional|3|12|12|144|1|4|4|0|3|192|93|48.44|23.25|100|0|14.458548|120.970332|50.61693694|34.2588236|-0.063543832|09-01-2023 07:00|09-01-2023 18:00|14.5786085|120.9861|1683|TB|DELA CRUZ, Eleazar C.|14.4562418|120.9945891|FX5J+FFP, Las Piñas, Metro Manila, Philippines
88|DOH000000000022485|Caloocan City Quality Assurance Center|NATIONAL CAPITAL REGION|NCR, THIRD DISTRICT|CALOOCAN CITY|BARANGAY  155|Rural Health Unit|Government|11-03-2015|Operational|Functional|5|20|12|240|2|8|8|0|3|640|256|40|32|100|0|14.66850501|120.99978|50.61693694|34.2588236|-0.309903722|09-01-2023 07:00|09-01-2023 18:00|14.5786085|120.9861|2444|Covid-19|BAUTISTA, Danilo Jr , C.|14.77854|121.03601|176, Caloocan, Metro Manila, Philippines
89|DOH000000000022598|Sta. Ana Hospital|NATIONAL CAPITAL REGION|NCR, FIRST DISTRICT|SANTA ANA|BARANGAY 886|Hospital|NCR, CITY OF MANILA, FIRST DISTRICT (Not a Province)|28-06-2021|Operational|Functional|5|20|12|240|2|8|8|0|3|640|101|15.78|12.63|100|0|14.583602|121.016192|50.61693694|34.2588236|-1.016874874|09-01-2023 07:00|09-01-2023 18:00|14.5786085|120.9861|2510|TB|CRUZ, Ryan B.|14.573827|120.9824748|H2H2+FG3, Pedro Gil St, Paco, Manila, Metro Manila, Philippines
90|DOH000000000022722|Sun Valley Health Center|NATIONAL CAPITAL REGION|NCR, FOURTH DISTRICT|CITY OF PARA?AQUE|SUN VALLEY|Rural Health Unit|NCR, FOURTH DISTRICT (Not a Province)|08-02-2022|Operational|Functional|4|16|12|192|1|4|4|0|3|256|73|28.52|18.25|100|0|14.4899472|121.0323247|50.61693694|34.2588236|-0.644999875|09-01-2023 07:00|09-01-2023 18:00|14.5786085|120.9861|1225|HIV|BUBAN, Mark Jayson C.|14.4760526|121.0014279|F2G2+9HM, Schilling Ln, Franc, Parañaque, 1700 Metro Manila, Philippines
91|DOH000000000022749|Kalinga Health Hub - Mandaluyong|NATIONAL CAPITAL REGION|NCR, SECOND DISTRICT|CITY OF MANDALUYONG|PLAINVIEW|Municipal Health Office|Government|01-06-2023|Operational|Functional|6|24|12|288|1|8|8|0|3|768|116|15.1|14.5|100|0|14.58029567|121.0271783|50.61693694|34.2588236|-1.036723775|09-01-2023 07:00|09-01-2023 18:00|14.5786085|120.9861|1744|Covid-19|ROBERTO, Reynaldo C.|14.5847424|121.0281873|blk.6 brgy, Mandaluyong, Metro Manila, Philippines
92|DOH000000000022886|Marikina City Health Laboratory|NATIONAL CAPITAL REGION|NCR, SECOND DISTRICT|CITY OF MARIKINA|SANTO NIÑO|Rural Health Unit|#N/A|02-05-2014|Operational|Functional|5|20|12|240|3|12|12|0|3|960|309|32.19|25.75|100|0|14.6363542|121.097672|50.61693694|34.2588236|-0.537874188|09-01-2023 07:00|09-01-2023 18:00|14.5786085|120.9861|2460|Covid-19|AMADO, Gerardo L.|14.63534|121.09998|Sumulong Hwy, Marikina, 1800 Metro Manila, Philippines
93|DOH000000000023542|DOH Treatment and Rehabilitation Center|NATIONAL CAPITAL REGION|NCR, FOURTH DISTRICT|TAGUIG CITY|LOWER BICUTAN|Drug Abuse Treatment and Rehabilitation Centers|Government|14-09-2018|Operational|Functional|5|20|12|240|1|4|3|1|3|240|496|96.56|124|75|1|14.485454|121.056926|50.61693694|34.2588236|1.341057813|09-01-2023 07:00|09-01-2023 18:00|14.5786085|120.9861|771|Covid-19|AMOR, Willyfield D.|14.50645|121.0455|DBP Ave, Taguig, 1630 Metro Manila, Philippines
94|DOH000000000024037|Parola Health Center|NATIONAL CAPITAL REGION|NCR, FIRST DISTRICT|TONDO I / II|BARANGAY  20|Rural Health Unit|NCR, CITY OF MANILA, FIRST DISTRICT (Not a Province)|07-06-2019|Operational|Functional|5|20|12|240|1|4|2|2|3|160|150|93.75|37.5|50|0|14.5999754|120.9613973|50.61693694|34.2588236|1.259035149|09-01-2023 07:00|09-01-2023 18:00|14.5786085|120.9861|2517|HIV|MANERA, Fernando S. |14.6096971|120.9677432|1012, 312 Moriones St, Tondo, Maynila, 1012 Kalakhang Maynila, Philippines
95|DOH000000000037036|Pateros Clinical Laboratory|NATIONAL CAPITAL REGION|NCR, FOURTH DISTRICT|PATEROS|AGUHO|Hospital|#N/A|18-08-2021|Operational|Functional|5|20|12|240|1|2|2|0|3|160|54|33.75|27|100|0|14.510543|121.034078|50.61693694|34.2588236|-0.492338474|09-01-2023 07:00|09-01-2023 18:00|14.5786085|120.9861|2169|HIV|SILVESTRE, Sajid|14.571807|121.019685|Hippodromo St, Circuit Makati, Makati, 1630 Metro Manila, Philippines
96|DOH000000000039016|Tropical Disease Foundation|NATIONAL CAPITAL REGION|NCR, FOURTH DISTRICT|CITY OF MAKATI|SAN LORENZO|COVID-19 Testing Laboratory|#N/A|04-03-2015|Operational|Functional|2|8|12|96|2|8|8|0|3|256||0|0|100|0|14.55985975|121.0143006|50.61693694|34.2588236|-1.477486137|09-01-2023 07:00|09-01-2023 18:00|14.5786085|120.9861|3039|TB|ULANDAY, Kim John E.|14.545052|121.0450677|3117 McKinley Rd, Makati, 1220 Metro Manila, Philippines
97|DOH000000000039136|Philippine Children's Medical Center|NATIONAL CAPITAL REGION|NCR, SECOND DISTRICT|QUEZON CITY|PROJECT  6|COVID-19 Testing Laboratory|NCR, SECOND DISTRICT (Not a Province)|17-10-2016|Operational|Functional|7|28|12|336|1|4|4|0|3|448|233|52.01|58.25|100|0|14.6472677|121.0415659|50.61693694|34.2588236|0.040662898|09-01-2023 07:00|09-01-2023 18:00|14.5786085|120.9861|1249|TB|BENAVIDEZ, Michael|14.65802245|121.074828|Tandang Sora Ave, Quezon City,Metro Manila,Philippines
98|DOH000000000039319|Domingo Santiago Health Center|NATIONAL CAPITAL REGION|NCR, SECOND DISTRICT|CITY OF MANDALUYONG|WACK-WACK GREENHILLS|General Clinic Laboratory|Private|18-11-2019|Operational|Functional|5|20|12|240|1|4|4|0|3|320|65|20.31|16.25|100|0|14.582342|121.053138|50.61693694|34.2588236|-0.884646166|09-01-2023 07:00|09-01-2023 18:00|14.5786085|120.9861|3794|HIV|ROBERTO, Reynaldo C.|14.5847424|121.0281873|blk.6 brgy, Mandaluyong, Metro Manila, Philippines
99|DOH000000000039327|Mandaluyong City Health Laboratory|NATIONAL CAPITAL REGION|NCR, SECOND DISTRICT|CITY OF MANDALUYONG|Barangay Plainview Mandaluyong City|General Clinic Laboratory||28-10-2014|Operational|Functional|5|20|12|240|2|8|8|0|3|640|372|58.13|46.5|100|0|14.57745|121.03447|50.61693694|34.2588236|0.219303008|09-01-2023 07:00|09-01-2023 18:00|14.5786085|120.9861|474|Covid-19|ROBERTO, Reynaldo C.|14.5847424|121.0281873|blk.6 brgy, Mandaluyong, Metro Manila, Philippines
100|DOH000000000039338|LoveYourself Inc.|NATIONAL CAPITAL REGION|NCR, SECOND DISTRICT|CITY OF MANDALUYONG|WACK-WACK GREENHILLS|General Clinic Laboratory|Private|Private|Operational|Functional|5|20|12|240|1|4|4|0|3|320|0|0|0|100|0|14.5835|121.0511|50.61693694|34.2588236|-1.477486137|09-01-2023 07:00|09-01-2023 18:00|14.5786085|120.9861|1594|Covid-19|ROBERTO, Reynaldo C.|14.5847424|121.0281873|blk.6 brgy, Mandaluyong, Metro Manila, Philippines
101|DOH000000000040934|Taguig Clinical Laboratory|NATIONAL CAPITAL REGION|NCR, FOURTH DISTRICT|TAGUIG CITY|TUKTUKAN|General Clinic Laboratory|NCR, FOURTH DISTRICT (Not a Province)|16-02-2018|Operational|Functional|5|20|12|240|1|4|4|0|3|320|369|96.56|92.25|100|0|14.5283593|121.0715603|50.61693694|34.2588236|1.341057813|09-01-2023 07:00|09-01-2023 18:00|14.5786085|120.9861|2488|HIV|AMOR, Willyfield D.|14.50645|121.0455|DBP Ave, Taguig, 1630 Metro Manila, Philippines
102|DOH000000000042530|NGC Health Center|NATIONAL CAPITAL REGION|NCR, SECOND DISTRICT|QUEZON CITY|Bagong Silangan|#N/A|#N/A|04-07-2023|Operational|Functional|5|20|12|240|1|4|4|0|3|320|143|44.69|35.75|100|0|14.62971|120.99324|50.61693694|34.2588236|-0.173004684|09-01-2023 07:00|09-01-2023 18:00|14.5786085|120.9861|1732|Covid-19|ALORA, Sean Nicholas|14.69808|121.09513|P456+MV2, Rose, Lungsod Quezon, Kalakhang Maynila, Philippines
103|DOH000000000044126|New Bilibid Prison Hospital|NATIONAL CAPITAL REGION|NCR, FOURTH DISTRICT|CITY OF MUNTINLUPA|Las Piñas|#N/A|#N/A|10-01-2014|Operational|Functional|5|20|12|240|2|8|8|0|3|640|252|39.38|31.5|100|0|14.42525|121.01434|50.61693694|34.2588236|-0.328001249|09-01-2023 07:00|09-01-2023 18:00|14.5786085|120.9861|1838|Covid-19|TATLONG HARI, Mary Jane M. |14.4199739|121.0346812|1781 Filinvest Ave, Alabang, Muntinlupa, Metro Manila, Philippines
104|DOH000000000045722|National Tuberculosis Reference Laboratory|NATIONAL CAPITAL REGION|NCR, FOURTH DISTRICT|CITY OF MUNTINLUPA|#N/A|#N/A|#N/A|20-10-2011|Operational|Functional|5|20|12|240|2|8|8|0|3|640|170|26.56|21.25|100|0|14.41022179|121.03833|50.61693694|34.2588236|-0.702211413|09-01-2023 07:00|09-01-2023 18:00|14.5786085|120.9861|1054|Covid-19|TATLONG HARI, Mary Jane M. |14.4199739|121.0346812|1781 Filinvest Ave, Alabang, Muntinlupa, Metro Manila, Philippines
105|DOH000000000047318|Juan Posadas Health Center|NATIONAL CAPITAL REGION|NCR, FIRST DISTRICT|City of Manila|BARANGAY 902|#N/A|#N/A|08-06-2022|Operational|Functional|5|20|12|240|1|4|4|0|3|320|74|23.13|18.5|100|0|14.63124001|120.96771|50.61693694|34.2588236|-0.802331605|09-01-2023 07:00|09-01-2023 18:00|14.5786085|120.9861|304|TB|DE JESUS, Enrique J.|14.6133321|121.0070635|14 1A Premero de Mayo St, Galas, Quezon City, 1113 Metro Manila, Philippines
106|DOH000000000048914|Dona Marta Health Center|NATIONAL CAPITAL REGION|NCR, FOURTH DISTRICT|PASAY CITY|barangay 147|#N/A|#N/A|29-05-2019|Operational|Functional|5|20|12|240|1|4|4|0|3|320|53|16.56|13.25|100|0|14.53604|121.00175|50.61693694|34.2588236|-0.994107017|09-01-2023 07:00|09-01-2023 18:00|14.5786085|120.9861|3223|TB|SANTIAGO, Rosauro L.|14.53377|120.99477|40 Russel Avenue, Baclaran, Pasay, Kalakhang Maynila, Philippines
107|DOH000000000050510|Quezon City Jail|NATIONAL CAPITAL REGION|NCR, SECOND DISTRICT|QUEZON CITY|KAMUNING|#N/A|#N/A|13-12-2013|Operational|Functional|7|28|12|336|2|8|8|0|3|896|127|14.17|15.88|100|0|14.6274|121.0402|50.61693694|34.2588236|-1.063870066|09-01-2023 07:00|09-01-2023 18:00|14.5786085|120.9861|3347|TB|CALAYWAN, Genesis|14.6872734|121.1056781|J3G3+CR Quezon City, Metro Manila, Philippines
108|DOH000000000052106|Philippine Tuberculosis Society, Inc. (Quezon Institute)|NATIONAL CAPITAL REGION|NCR, SECOND DISTRICT|QUEZON CITY|Kristong Hari|#N/A|#N/A|01-12-2011|Operational|Functional|5|20|12|240|1|4|4|0|3|320||0|0|100|0|14.62411661|121.0335476|50.61693694|34.2588236|-1.477486137|09-01-2023 07:00|09-01-2023 18:00|14.5786085|120.9861|2730|Covid-19|CALAYWAN, Genesis|14.6872734|121.1056781|J3G3+CR Quezon City, Metro Manila, Philippines
109|DOH000000000053702|Canossa Health and Social Center, Inc.|NATIONAL CAPITAL REGION|NCR, FIRST DISTRICT|QUEZON CITY|BARANGAY   100|#N/A|#N/A|01-10-2017|Transferred to other facility|Transferred to other facility|0|0|12|0|1|0|0|0|3|0||0|#DIV/0!|0|0|14.6238332|120.9625477|50.61693694|34.2588236|-1.477486137|09-01-2023 07:00|09-01-2023 18:00|14.5786085|120.9861|3213|Covid-19|ALORA, Sean Nicholas|14.69808|121.09513|P456+MV2, Rose, Lungsod Quezon, Kalakhang Maynila, Philippines
110|DOH000000000055298|DOH National Capital Region|NATIONAL CAPITAL REGION|NCR, SECOND DISTRICT|CITY OF MANDALUYONG|Brgy. Addition Hills|#N/A|#N/A|27-03-2018|Transferred to other facility|Transferred to other facility|0|0|12|0|1|0|0|0|3|0|0|0|#DIV/0!|0|0|14.5866|121.03829|50.61693694|34.2588236|-1.477486137|09-01-2023 07:00|09-01-2023 18:00|14.5786085|120.9861|1040|Covid-19|ROBERTO, Reynaldo C.|14.5847424|121.0281873|blk.6 brgy, Mandaluyong, Metro Manila, Philippines
111|DOH000000000056894|Kalinga Health Hub - Marikina|NATIONAL CAPITAL REGION|NCR, SECOND DISTRICT|CITY OF MARIKINA|Santo Niño|#N/A|#N/A|15-05-2019|Transferred to other facility|Transferred to other facility|0|0|12|0|1|0|0|0|3|0|0|0|#DIV/0!|0|0|14.64151002|121.09406|50.61693694|34.2588236|-1.477486137|09-01-2023 07:00|09-01-2023 18:00|14.5786085|120.9861|661|Covid-19|AMADO, Gerardo L.|14.63534|121.09998|Sumulong Hwy, Marikina, 1800 Metro Manila, Philippines
